ags_county,violence_num_cases,pop_25_44_muni_gendergap_2015
01001,928,1.179002726918582
01002,325,1.0223730106823632
01003,213,1.0085059171597632
01004,812,1.069171270718232
01051,355,1.0454750112561908
