ags_county,pop_25_44_muni_gendergap_2015
01001,1.179002726918582
01002,1.0223730106823632
01003,1.0085059171597632
01004,1.0691712707182321
01051,1.0454750112561908
